--部门表
insert into Department  values( '1101', '配送部','13754979541')
insert into Department  values( '1102', '分拣部','13678456756')


--商家表
INSERT INTO Merchant values('64144285','迟到时光家具专营店','颜三金','江苏无锡','13548697518','1785768139@qq.com')
INSERT INTO Merchant values('64414982','花花公子俊兔专卖店','陈鹏辉','上海','1958756574','1798948753@qq.com')
INSERT INTO Merchant values('58858255','雕刻时光手表正品店','王俊','上海','18976548726','189213489@qq.com')
INSERT INTO Merchant values('66544744','中译图书专营店','张译名','江苏南京','15746828941','18913219862@163.com')
INSERT INTO Merchant values('37867886','果果帮旗舰店','陈国','上海','15875684532','1891987919@qq.com')
INSERT INTO Merchant values('86584553','济南常春藤图书专营店','王腾','山东济南','18789542689','34378521@163.com')
INSERT INTO Merchant values('13574786','牧羊驿站旗舰店','赵杨','浙江杭州','17845682456','37525421@163.com')
INSERT INTO Merchant values('43532872','罗度旗舰店','罗天佑','江苏苏州','17854698523','12377954537@qq.com')
INSERT INTO Merchant values('16512115','英爵伦男装旗舰店','王元','广东广州','17548987536','1393353724@qq.com')
INSERT INTO Merchant values('15165978','世纪书缘图书专营','张世权','福建泉州','17458968425','1567858761@qq.com')
INSERT INTO Merchant values('52745287','晨光妙贝专卖店','张晨龙','上海','19726843510',null)
INSERT INTO Merchant values('22412785','广丰源数码专营店','李丰源','福建福州','18762057961','3783783@qq.com')

--顾客表
INSERT INTO Client values('18350549862','张磊','男','350526200004176615','1549151928@qq.com','abc123','2000-04-17')
INSERT INTO Client values('19648537628','张含','男','350576199912301137','1687352948@qq.com','123456','1999-12-30')
INSERT INTO Client values('19462875381','陈武','男','351613620010907031','1597568429@qq.com','qwerty','2001-09-07')
INSERT INTO Client values('15873984625','王驰','男','35052619960127002X','2976842539@qq.com','654321','1996-01-27')
INSERT INTO Client values('18753859615','张婷','女','350526200008090020','1987564269@qq.com','165846','2000-08-09')
INSERT INTO Client values('18753597825','李敏','女','350618198907300140','1987546286@qq.com','119823','1989-07-30')
INSERT INTO Client values('17684532926','赵凤','女','350526200011246656','1875624948@qq.com','198135','2000-11-24')
INSERT INTO Client values('18913165134','徐文龙','男','355526199904176151','1315161983@qq.com','489253','1999-04-17')
INSERT INTO Client values('18794234568','林卿','女','350525200004181654','1897895489@qq.com','165187','2000-04-18')
INSERT INTO Client values('19453278138','许泽','男','350526200011241581','1234535165@qq.com','894363','2000-11-24')
INSERT INTO Client values('19813215613','颜静心','女','357526198610061630','4191231624@qq.com','193746','1986-10-06')
INSERT INTO Client values('14562313578','钱磊','男','351526198911081131','1561564979@163.com','387575','1989-11-08')
INSERT INTO Client values('16513221648','叶兰','女','161168199906016540','1536353479@qq.com','383783','1999-06-01')
INSERT INTO Client values('12527245577','蓝琴','女','168413199808170054','1984987564@163.com','373555','1998-08-17')
INSERT INTO Client values('15612334897','刘锋','男','198796200012235497','1198467894@163.com','138757','2000-12-23')
INSERT INTO Client values('15649843547','唐轩宇','男','198766197311242427','1984679678@163.com','435782','1973-1-24')
INSERT INTO Client values('15615638498','王麟','男','198136199412081657','1916494977@qq.com','456875','1994-12-08')
INSERT INTO Client values('18797365448','胡娜','女','156719199707181950','4894116556@163.com','837854','1997-07-18')
INSERT INTO Client values('16489743549','乐宇','男','198434199501261951','1513154161@qq.com','7da196','1995-01-26')
INSERT INTO Client values('19846187896','张伟','男','189798198706122459','1891689446@qq.com','af1561','1987-06-15')


--商品表
INSERT INTO Goods values('AH000001','64144285','卧室储物小柜子',44,'现代简约型床头柜，用心设计，时尚大气','141314')
INSERT INTO Goods values('AH000002','64144285','落地书架',165 ,'三排置物暑假，多功能存储设计，结实稳固，实用性强','141314')
INSERT INTO Goods values('AH000003','64144285','简约沙发',2350 ,'北欧家居时尚清新款式，柔软乳胶款，可拆洗','141314')
INSERT INTO Goods values('AH000004','64144285','护眼台灯',69 ,'台灯护眼书桌小学生学习专用儿童鞋子充电式插电两用LED台灯','141314')
INSERT INTO Goods values('AH000005','64144285','花纹墙纸',15 ,'10米墙纸自粘防水装饰墙贴温馨卧室课听背景墙房间壁纸宿舍翻新贴','141314')
INSERT INTO Goods values('HY120145','64414982','短袖T',139 ,'花花公子旗舰夏季套装男潮流帅气短袖T恤男装','154666')
INSERT INTO Goods values('AS134578','58858255','卡西欧MW-240',149 ,'外观设计上简洁大方，对日常服装搭配的宽容度非常高！学院风、潮流风','154666')
INSERT INTO Goods values('AS134574','58858255','卡西欧MQ-24-7B2L',129 ,'ins风小黑表，采用个性简约的外观设计简洁刻度搭配细长指针','154666')
INSERT INTO Goods values('AS134545','58858255','阿玛尼AX7111',799 ,'阿玛尼正品手表','154666')
INSERT INTO Goods values('ZX156478','86584553','城南旧事',18 ,'中国儿童文学城南旧事正版林海音','134445')
INSERT INTO Goods values('ZX156479','86584553','骆驼祥子',18 ,'正品出版','134445')
INSERT INTO Goods values('ZX156474','86584553','繁星春水',39.8 ,'作者：冰心，江苏凤凰文艺出版社','134445')
INSERT INTO Goods values('ZX156472','86584553','活着',24.8 ,'民国历史小说，中国现当代文学','134445')
INSERT INTO Goods values('ZX156473','86584553','红岩',29.8 ,'红色小说','134445')
INSERT INTO Goods values('ZX156467','86584553','朝花夕拾',38.5 ,'作者鲁迅，笔名周树人','134445')
INSERT INTO Goods values('DX784777','52745287','晨光按动中性笔',10.2 ,'按压式0.5mm黑色中性笔','137994')
INSERT INTO Goods values('DX784787','52745287','晨光简约中性笔',8.8 ,'黑色简约中性笔','137994')
INSERT INTO Goods values('DX784757','52745287','晨光150m修正带',11.8 ,'晨光150m修正带','137994')
INSERT INTO Goods values('DX784767','52745287','晨光笔记本子',10.8 ,'简约可爱小清新笔记本子，8本加厚装','137994')
INSERT INTO Goods values('DX784737','52745287','创意手机支架笔',14.8 ,'创意手机支架笔','137994')
INSERT INTO Goods values('DX784457','52745287','考试推荐中性笔',9.9 ,'大容量，考试666成为自信的自己','137994')
INSERT INTO Goods values('DX784227','52745287','本味便利贴纸',15.8 ,'创意可爱卡通少女便签ins自粘性','137994')
INSERT INTO Goods values('CZ888868','22412785','骑行运动相机',199 ,'山狗C4骑行运动相机4K高清摄像头盔DV小型迷你数码摩托行车记录仪','235896')
INSERT INTO Goods values('CZ845788','22412785','usb安卓数据线快充',7.9 ,'支持24w快充','235896')
INSERT INTO Goods values('CZ889488','22412785','小米手环4',69 ,'小米手环4nfc4代5全屏电子测心率蓝牙智能支付手环男女士情侣运动手表','235896')
INSERT INTO Goods values('CZ888898','22412785','华为手环4',159 ,'华为官方华为手环4','235896')
INSERT INTO Goods values('CZ666666','22412785','爱国者智能手表',219 ,'彩屏智能动态心率运动手表','235896')

--购物车
INSERT INTO Cart values('AH000001',1,'18350549862')
INSERT INTO Cart values('AH000004',4,'19648537628')
INSERT INTO Cart values('AH000004',10,'18350549862')
INSERT INTO Cart values('AS134578',1,'18913165134')
INSERT INTO Cart values('ZX156478',20,'18797365448')
INSERT INTO Cart values('CZ888868',1,'19846187896')
INSERT INTO Cart values('CZ666666',1,'15615638498')
INSERT INTO Cart values('ZX156472',50,'16489743549')
INSERT INTO Cart values('DX784757',100,'18797365448')
INSERT INTO Cart values('AS134574',2,'14562313578')
INSERT INTO Cart values('DX784767',100,'17684532926')
INSERT INTO Cart values('DX784227',2,'19453278138')
INSERT INTO Cart values('DX784767',2,'19453278138')
INSERT INTO Cart values('DX784457',1,'19453278138')
INSERT INTO Cart values('ZX156473',1,'19813215613')
INSERT INTO Cart values('ZX156474',5,'15873984625')
INSERT INTO Cart values('AH000002',10,'18753597825')
INSERT INTO Cart values('ZX156479',1,'19813215613')
INSERT INTO Cart values('DX784777',14,'19813215613')
INSERT INTO Cart values('DX784457',8,'15612334897')
INSERT INTO Cart values('CZ889488',1,'12527245577')
INSERT INTO Cart values('DX784737',2,'16513221648')



--地址表
INSERT INTO Addres values('89875248','王麟','河南省郑州市中原区科学大道100号','15615638498','15615638498')
INSERT INTO Addres values('48962183','张磊','福建省泉州市永春县三金路42号','18350549862','18350549862')
INSERT INTO Addres values('13567623','林卿','福建省厦门市集美区集美大学','18975678936','18794234568')
INSERT INTO Addres values('19878927','王麟','福建省泉州市德化县德化一中','15615638498','15615638498')
INSERT INTO Addres values('16876285','张磊','福建省泉州市鲤城区含辟路17号','18350549862','18350549862')
INSERT INTO Addres values('64278687','王麟','福建省福州市闽侯县福州大学','15615638498','15615638498')
INSERT INTO Addres values('58512765','李敏','河南省郑州市中原区科学大道100号','18753597825','18753597825')
INSERT INTO Addres values('73527684','陈武','黑龙江省哈尔滨市南岗区哈尔滨工业大学二校区','15980310695','19462875381')
INSERT INTO Addres values('17622727','胡娜','陕西省西安市碑林区西安交通大学兴庆校区','18797365448','18797365448')
INSERT INTO Addres values('13786468','李敏','辽宁省大连市金州区举人路10号','18753597825','18753597825')
INSERT INTO Addres values('62414285','徐文龙','辽宁省大连市金州区沙碧路38号','18913165134','18913165134')
INSERT INTO Addres values('23525326','王驰','福建省福州市闽侯县福州大学','15678957896','15873984625')
INSERT INTO Addres values('23532422','张伟','黑龙江省哈尔滨市南岗区哈尔滨工业大学二校区','19846187896','19846187896')
INSERT INTO Addres values('15350833','张磊','陕西省西安市碑林区西安交通大学兴庆校区','18350549862','18350549862')
INSERT INTO Addres values('19873056','张伟','吉林省长春市农安县龙林路27号','19846187896','19846187896')
INSERT INTO Addres values('19789235','刘锋','内蒙古赤峰市元宝山区山峦路97号','15678923642','15612334897')
INSERT INTO Addres values('48978923','叶兰','上海市杨浦区邯郸路220号','16513221648','16513221648')
INSERT INTO Addres values('16875681','张婷','广西省桂林市秀峰区解放西路18号','16875349852','18753859615')
INSERT INTO Addres values('15687932','刘锋','上海市宝山区上大路99号','15678923642','15612334897')
INSERT INTO Addres values('16587635','叶兰','广东省东莞市银建路64号','16513221648','16513221648')
INSERT INTO Addres values('65897421','张含','广东省东莞市幸福小区','19648537628','19648537628')
INSERT INTO Addres values('78478581','钱磊','广东省东莞市开心小区','14562313578','14562313578')
INSERT INTO Addres values('45967123','赵风','吉林省长春市幸福小区','17684532926','17684532926')
INSERT INTO Addres values('65487947','许泽','上海市宝山区上街街15号','19453278138','19453278138')
INSERT INTO Addres values('65748752','蓝琴','福建省厦门市集美大学','12527245577','12527245577')

--员工表
INSERT INTO Employees values('201824','350526199710243327','李红军','男','1997-10-24','1101')
INSERT INTO Employees values('201825','156795199411062264','苏少情','女','1994-11-06','1101')
INSERT INTO Employees values('201826','197862199504131873','徐文涛','男','1995-04-13','1102')
INSERT INTO Employees values('201827','350526199901031148','张飞云','女','1999-01-03','1101')
INSERT INTO Employees values('201828','189426199810240001','王林','男','1998-10-24','1102')
INSERT INTO Employees values('201829','156878199102270643','苏明','男','1991-02-27','1102')
INSERT INTO Employees values('201830','498235199611110111','赵光','男','1996-11-11','1101')
INSERT INTO Employees values('201835','350526199903141568','郑丽','女','1999-03-14','1102')
INSERT INTO Employees values('201864','26483519960601197X','王宝乐','男','1996-06-01','1101')
INSERT INTO Employees values('201899','161658200001235791','孟浩','男','2000-01-23','1101')


--订单表
INSERT INTO Form values('9923595201','18350549862','AH000001',1,'2020-05-01','0')
INSERT INTO Form values('4078963518','19648537628','AH000004',4,'2020-05-01','0')
INSERT INTO Form values('2377929628','18350549862','AH000004',10,'2020-04-15','0')
INSERT INTO Form values('2754163623','18913165134','AS134578',1,'2020-04-22','1')
INSERT INTO Form values('8493564666','18797365448','ZX156478',20,'2020-03-04','0')
INSERT INTO Form values('1608552455','19846187896','CZ888868',1,'2020-02-01','1')
INSERT INTO Form values('6451516330','15615638498','CZ666666',1,'2020-04-09','0')
INSERT INTO Form values('2796342969','16489743549','ZX156472',50,'2019-12-13','1')
INSERT INTO Form values('9828208268','18797365448','DX784757',100,'2020-04-03','0')
INSERT INTO Form values('4471076727','14562313578','AS134574',2,'2019-10-11','1')
INSERT INTO Form values('6514578283','17684532926','DX784767',100,'2020-05-10','0')
INSERT INTO Form values('5905252814','19453278138','DX784227',2,'2019-11-18','1')
INSERT INTO Form values('1857191622','19453278138','DX784767',2,'2019-12-19','0')
INSERT INTO Form values('8566987992','18753597825','AH000002',10,'2020-03-14','0')
INSERT INTO Form values('1928260505','19813215613','ZX156479',1,'2020-04-26','0')
INSERT INTO Form values('7809958101','19813215613','DX784777',14,'2020-01-25','0')
INSERT INTO Form values('6955819905','15612334897','DX784457',8,'2020-03-14','0')
INSERT INTO Form values('8082870722','12527245577','CZ889488',1,'2020-01-01','1')

--分拣表
INSERT INTO Sort values('2093106925','201824','9923595201','2020-05-01')
INSERT INTO Sort values('4836903214','201824','4078963518','2020-05-01')
INSERT INTO Sort values('5310531437','201824','2377929628','2020-04-16')
INSERT INTO Sort values('8712095499','201824','2754163623','2020-04-22')
INSERT INTO Sort values('8227557123','201824','8493564666','2020-03-05')
INSERT INTO Sort values('6958210826','201828','1608552455','2020-02-01')
INSERT INTO Sort values('2622633993','201828','6451516330','2020-04-09')
INSERT INTO Sort values('2954937160','201828','9828208268','2020-04-03')
INSERT INTO Sort values('2273385167','201835','4471076727','2019-10-11')
INSERT INTO Sort values('4990541756','201835','6514578283','2020-05-11')
INSERT INTO Sort values('3822943449','201835','5905252814','2019-11-18')
INSERT INTO Sort values('8942376554','201835','1857191622','2019-12-19')
INSERT INTO Sort values('6171662688','201835','8566987992','2020-03-14')
INSERT INTO Sort values('5408547938','201835','1928260505','2020-04-28')
INSERT INTO Sort values('2861161232','201899','7809958101','2020-01-25')
INSERT INTO Sort values('4201014221','201899','6955819905','2020-03-15')
INSERT INTO Sort values('9525876642','201899','8082870722','2020-01-02')


--配送表
INSERT INTO Delivery values('BUY7527547','2093106925','201824','48962183','2020-05-02','2020-05-05',162430)
INSERT INTO Delivery values('BUY8925308','4836903214','201824','65897421','2020-05-02','2020-05-05',3446)
INSERT INTO Delivery values('BUY4995148','5310531437','201824','48962183','2020-04-17','2020-04-21',911059)
INSERT INTO Delivery values('BUY6433760','8712095499','201824','62414285','2020-04-24','2020-04-28',330304)
INSERT INTO Delivery values('BUY7861027','8227557123','201824','17622727','2020-03-05','2020-03-09',329133)
INSERT INTO Delivery values('BUY8287416','6958210826','201827','23532422','2020-02-02','2020-02-07',505510)
INSERT INTO Delivery values('BUY8071176','2622633993','201827','89875248','2020-04-10','2020-04-15',644107)
INSERT INTO Delivery values('BUY9217643','2954937160','201827','17622727','2020-04-03','2020-04-04',660194)
INSERT INTO Delivery values('BUY6584022','2273385167','201864','78478581','2019-10-11','2019-10-14',3107)
INSERT INTO Delivery values('BUY8331992','4990541756','201864','45967123','2020-05-15','2020-05-18',741409)
INSERT INTO Delivery values('BUY2984263','3822943449','201864','65487947','2019-11-19','2019-11-22',163354)
INSERT INTO Delivery values('BUY3026411','8942376554','201864','65487947','2019-12-20','2019-12-22',303656)
INSERT INTO Delivery values('BUY9840579','6171662688','201864','16875681','2020-03-15','2020-03-16',662427)
INSERT INTO Delivery values('BUY8287638','4201014221','201899','15687932','2020-03-16','2020-03-17',24695)
INSERT INTO Delivery values('BUY4368668','9525876642','201899','65748752','2020-01-03','2020-01-08',568129)



--交流表
INSERT INTO Communication values('64144285','18350549862')
INSERT INTO Communication values('22412785','19648537628')
INSERT INTO Communication values('64144285','19453278138')
INSERT INTO Communication values('43532872','19453278138')
INSERT INTO Communication values('64144285','15612334897')
INSERT INTO Communication values('43532872','15612334897')
INSERT INTO Communication values('22412785','17684532926')
INSERT INTO Communication values('58858255','19813215613')
INSERT INTO Communication values('58858255','17684532926')
INSERT INTO Communication values('15165978','19813215613')
INSERT INTO Communication values('15165978','19813215613')


--浏览记录表
INSERT INTO browser values('18350549862','AH000001',null)
INSERT INTO browser values('12527245577','ZX156478',null)
INSERT INTO browser values('12527245577','AS134545',null)
INSERT INTO browser values('12527245577','DX784737',null)
INSERT INTO browser values('18797365448','CZ845788',null)
INSERT INTO browser values('18794234568','AS134578',null)
INSERT INTO browser values('15615638498','AS134578',null)
INSERT INTO browser values('15873984625','DX784777',null)
INSERT INTO browser values('16513221648','DX784787',null)